{
  "neo4j": {
    "100_simple_select": {
      "mean": 1642.64662,
      "median": 1131.0495,
      "stdev": 3685.3629886200024,
      "min": 980.206,
      "max": 28849.116,
      "p50": 1131.0495,
      "p95": 1179.172,
      "p99": 28849.116,
      "count": 100
    },
    "100_type_query": {
      "mean": 1752.51605,
      "median": 1290.9665,
      "stdev": 4312.580827020656,
      "min": 1252.39,
      "max": 44407.054,
      "p50": 1290.9665,
      "p95": 1391.2283499999999,
      "p99": 44407.054,
      "count": 100
    },
    "100_join_query": {
      "mean": 1433.16051,
      "median": 675.2,
      "stdev": 7245.241322823431,
      "min": 648.466,
      "max": 73122.804,
      "p50": 675.2,
      "p95": 781.5842,
      "p99": 73122.804,
      "count": 100
    },
    "100_complex_join": {
      "mean": 1816.0382399999999,
      "median": 1011.4895,
      "stdev": 7709.175527651532,
      "min": 981.152,
      "max": 78118.771,
      "p50": 1011.4895,
      "p95": 1170.3211500000002,
      "p99": 78118.771,
      "count": 100
    },
    "500_simple_select": {
      "mean": 2073.30569,
      "median": 1899.715,
      "stdev": 461.7460662094184,
      "min": 1678.431,
      "max": 5784.812,
      "p50": 1899.715,
      "p95": 2462.1097,
      "p99": 5784.812,
      "count": 100
    },
    "500_type_query": {
      "mean": 2853.00538,
      "median": 2911.9275,
      "stdev": 219.87388555553494,
      "min": 2428.527,
      "max": 3151.989,
      "p50": 2911.9275,
      "p95": 3123.3878,
      "p99": 3151.989,
      "count": 100
    },
    "500_join_query": {
      "mean": 1453.38422,
      "median": 1449.5810000000001,
      "stdev": 26.433175222722525,
      "min": 1407.938,
      "max": 1582.538,
      "p50": 1449.5810000000001,
      "p95": 1494.24025,
      "p99": 1582.538,
      "count": 100
    },
    "500_complex_join": {
      "mean": 2179.74917,
      "median": 2158.123,
      "stdev": 166.3089858788199,
      "min": 1972.348,
      "max": 2943.66,
      "p50": 2158.123,
      "p95": 2436.31365,
      "p99": 2943.66,
      "count": 100
    },
    "1000_simple_select": {
      "mean": 2105.86009,
      "median": 2082.2825000000003,
      "stdev": 252.54826574796536,
      "min": 1742.395,
      "max": 2807.973,
      "p50": 2082.2825000000003,
      "p95": 2468.1886000000004,
      "p99": 2807.973,
      "count": 100
    },
    "1000_type_query": {
      "mean": 3998.95484,
      "median": 3805.921,
      "stdev": 2283.8728152564513,
      "min": 3235.303,
      "max": 26521.747,
      "p50": 3805.921,
      "p95": 4209.715099999999,
      "p99": 26521.747,
      "count": 100
    },
    "1000_join_query": {
      "mean": 1678.42793,
      "median": 1660.1715,
      "stdev": 79.33017546634007,
      "min": 1614.128,
      "max": 2037.125,
      "p50": 1660.1715,
      "p95": 1910.8308000000002,
      "p99": 2037.125,
      "count": 100
    },
    "1000_complex_join": {
      "mean": 2810.12653,
      "median": 2726.8385,
      "stdev": 1296.7569413880499,
      "min": 2324.686,
      "max": 15414.85,
      "p50": 2726.8385,
      "p95": 3196.79625,
      "p99": 15414.85,
      "count": 100
    },
    "5000_simple_select": {
      "mean": 2379.61465,
      "median": 2000.9145,
      "stdev": 3047.3584366064506,
      "min": 1583.431,
      "max": 32110.081,
      "p50": 2000.9145,
      "p95": 2420.2733,
      "p99": 32110.081,
      "count": 100
    },
    "5000_type_query": {
      "mean": 5203.07942,
      "median": 4600.559499999999,
      "stdev": 4527.601510312668,
      "min": 2617.732,
      "max": 35480.729,
      "p50": 4600.559499999999,
      "p95": 7213.557000000001,
      "p99": 35480.729,
      "count": 100
    },
    "5000_join_query": {
      "mean": 1716.31078,
      "median": 1286.8029999999999,
      "stdev": 4143.172017535073,
      "min": 1262.04,
      "max": 42720.276,
      "p50": 1286.8029999999999,
      "p95": 1341.5514,
      "p99": 42720.276,
      "count": 100
    },
    "5000_complex_join": {
      "mean": 3620.52224,
      "median": 3046.429,
      "stdev": 4304.513189586197,
      "min": 2672.802,
      "max": 46088.022,
      "p50": 3046.429,
      "p95": 3739.5520999999994,
      "p99": 46088.022,
      "count": 100
    }
  },
  "jena": {
    "100_simple_select": {
      "mean": 14373.68796,
      "median": 12985.8295,
      "stdev": 3522.8761352318534,
      "min": 7451.367,
      "max": 23573.78,
      "p50": 12985.8295,
      "p95": 23051.52575,
      "p99": 23573.78,
      "count": 100
    },
    "100_type_query": {
      "mean": 12426.0422,
      "median": 11978.208,
      "stdev": 1868.7584857297288,
      "min": 8124.833,
      "max": 22485.882,
      "p50": 11978.208,
      "p95": 17712.2912,
      "p99": 22485.882,
      "count": 100
    },
    "100_join_query": {
      "mean": 12286.26075,
      "median": 12112.1975,
      "stdev": 1794.5416562107168,
      "min": 7800.205,
      "max": 20760.228,
      "p50": 12112.1975,
      "p95": 16187.793399999999,
      "p99": 20760.228,
      "count": 100
    },
    "100_complex_join": {
      "mean": 12424.11677,
      "median": 12175.9885,
      "stdev": 1830.7263457388824,
      "min": 7449.247,
      "max": 20692.474,
      "p50": 12175.9885,
      "p95": 16433.1805,
      "p99": 20692.474,
      "count": 100
    },
    "500_simple_select": {
      "mean": 12117.12157,
      "median": 11483.858,
      "stdev": 1778.2902173054792,
      "min": 11188.214,
      "max": 20155.228,
      "p50": 11483.858,
      "p95": 16502.4901,
      "p99": 20155.228,
      "count": 100
    },
    "500_type_query": {
      "mean": 12154.25322,
      "median": 11729.2985,
      "stdev": 1669.7691276799865,
      "min": 10698.467,
      "max": 20875.077,
      "p50": 11729.2985,
      "p95": 15976.979199999998,
      "p99": 20875.077,
      "count": 100
    },
    "500_join_query": {
      "mean": 12264.57098,
      "median": 11833.6205,
      "stdev": 1463.6239390732933,
      "min": 8534.736,
      "max": 18957.671,
      "p50": 11833.6205,
      "p95": 16034.170800000002,
      "p99": 18957.671,
      "count": 100
    },
    "500_complex_join": {
      "mean": 12382.29126,
      "median": 11990.880000000001,
      "stdev": 1408.3740219217166,
      "min": 9565.26,
      "max": 20010.518,
      "p50": 11990.880000000001,
      "p95": 15754.280499999999,
      "p99": 20010.518,
      "count": 100
    },
    "1000_simple_select": {
      "mean": 12229.6828,
      "median": 11759.4475,
      "stdev": 1529.7905424044038,
      "min": 10620.484,
      "max": 19801.576,
      "p50": 11759.4475,
      "p95": 15848.333599999998,
      "p99": 19801.576,
      "count": 100
    },
    "1000_type_query": {
      "mean": 12378.65661,
      "median": 11924.489,
      "stdev": 1535.372401132248,
      "min": 10110.399,
      "max": 20988.472,
      "p50": 11924.489,
      "p95": 15790.94415,
      "p99": 20988.472,
      "count": 100
    },
    "1000_join_query": {
      "mean": 12363.86284,
      "median": 11973.534,
      "stdev": 1560.2662570566506,
      "min": 8441.211,
      "max": 20070.761,
      "p50": 11973.534,
      "p95": 15933.84905,
      "p99": 20070.761,
      "count": 100
    },
    "1000_complex_join": {
      "mean": 11983.59446,
      "median": 12064.383,
      "stdev": 2162.7705812689223,
      "min": 6652.602,
      "max": 21131.446,
      "p50": 12064.383,
      "p95": 15828.971049999998,
      "p99": 21131.446,
      "count": 100
    },
    "5000_simple_select": {
      "mean": 11884.71728,
      "median": 12273.2735,
      "stdev": 2473.638626424624,
      "min": 6065.982,
      "max": 21932.323,
      "p50": 12273.2735,
      "p95": 16026.704099999999,
      "p99": 21932.323,
      "count": 100
    },
    "5000_type_query": {
      "mean": 12835.58405,
      "median": 12622.970000000001,
      "stdev": 1860.9665653977588,
      "min": 7169.997,
      "max": 20811.062,
      "p50": 12622.970000000001,
      "p95": 17608.7195,
      "p99": 20811.062,